State,District,Latitude,Longitude
Andaman and Nicobar,Nicobar Islands,6.9993205000000955,93.80996300000015
Andaman and Nicobar,North and Middle Andaman,12.611581000000058,92.83169614372066
Andaman and Nicobar,South Andaman,10.704417500500057,92.48900382928906
Andhra Pradesh,Anantapur,14.450161456500126,77.50173184791102
Andhra Pradesh,Chittoor,13.298326015500066,78.96864866325353
Andhra Pradesh,East Godavari,17.157779693500146,82.04148559917877
Andhra Pradesh,Guntur,16.27902507850007,80.17397535344088
Andhra Pradesh,Krishna,16.424221052000092,81.04232698551988
Andhra Pradesh,Kurnool,15.547431469000173,77.89848486777385
Andhra Pradesh,Nellore,14.305414200000001,79.76925677256642
Andhra Pradesh,Prakasam,15.627085686500095,79.50671631924888
Andhra Pradesh,Srikakulam,18.616110801500128,83.96162678522546
Andhra Pradesh,Visakhapatnam,17.892222405500092,82.55751755807307
Andhra Pradesh,Vizianagaram,18.485771179000096,83.30363962670134
Andhra Pradesh,West Godavari,16.902246475500135,81.3384700751933
Andhra Pradesh,Y.S.R.,14.471055031000077,78.650384671643
Arunachal Pradesh,Anjaw,27.897497010500018,96.67827050456259
Arunachal Pradesh,Anjaw,28.10480202450003,96.91405992483215
Arunachal Pradesh,Changlang,27.275369645000126,96.0618672945215
Arunachal Pradesh,Dibang Valley,29.012825012500144,95.71287035556594
Arunachal Pradesh,East Kameng,27.32793521850013,93.05066474801248
Arunachal Pradesh,East Siang,27.983739853000145,95.40362977792925
Arunachal Pradesh,East Siang,28.150831222500102,95.05498751159564
Arunachal Pradesh,Kurung Kumey,27.98367023450001,93.2846114192787
Arunachal Pradesh,Lohit,27.904288292000132,96.2280593610555
Arunachal Pradesh,Lohit,28.255230903500063,96.2823607945268
Arunachal Pradesh,Longding,26.884716034500116,95.29816468935982
Arunachal Pradesh,Lower Dibang Valley,28.089575767000042,95.78119878840903
Arunachal Pradesh,Lower Dibang Valley,28.45898914300011,95.83227463174745
Arunachal Pradesh,Lower Subansiri,27.68060588950013,93.84734368387515
Arunachal Pradesh,Namsai,27.663399697000102,95.87523541814836
Arunachal Pradesh,Papum Pare,27.289765358500148,93.62194394165967
Arunachal Pradesh,Tawang,27.661357880000168,91.9225268637
Arunachal Pradesh,Tirap,27.05229568450008,95.51718169251673
Arunachal Pradesh,Upper Siang,28.749830246500153,95.0092565335633
Arunachal Pradesh,Upper Subansiri,28.234260558500125,94.10393976539439
Arunachal Pradesh,West Kameng,27.433209419000093,92.42499900752324
Arunachal Pradesh,West Siang,28.28466510800004,94.65362587770932
Assam,Baksa,26.649800300500175,91.45433561786683
Assam,Barpeta,26.376476287500054,91.05235564396247
Assam,Bongaigaon,26.341150284500145,90.62844120469919
Assam,Cachar,24.758840561500108,92.88276415903032
Assam,Chirang,26.599430085000165,90.70637890542878
Assam,Darrang,26.4393548970001,92.00523709877987
Assam,Dhemaji,27.583755493500092,94.69885188825378
Assam,Dhubri,25.978347779000075,90.00790003321907
Assam,Dibrugarh,27.407401085000146,94.99652259576075
Assam,Dima Hasao,25.39655017900003,93.08352871779789
Assam,Goalpara,26.0560998925001,90.58357476762681
Assam,Golaghat,26.374380112000097,94.01154419835679
Assam,Hailakandi,24.50878143350016,92.6318427741574
Assam,Jorhat,26.769845008500027,94.2611343733438
Assam,Kamrup,26.13909053850017,91.22387934388816
Assam,Kamrup Metropolitan,26.125883102500126,91.9014650760747
Assam,Karbi Anglong,25.85411071750005,92.59205143607815
Assam,Karimganj,24.58254718800015,92.37312920914266
Assam,Kokrajhar,26.600319863000152,90.21053546904812
Assam,Lakhimpur,27.17432498950012,94.19298877265335
Assam,Morigaon,26.29102134700011,92.28997842106489
Assam,Nagaon,26.208350182000117,92.61830377444917
Assam,Nalbari,26.36001110100011,91.39815704971228
Assam,Sivasagar,26.99907016800003,94.80543828866931
Assam,Sonitpur,26.767624855500117,92.99531015484077
Assam,Tinsukia,27.6038656235001,95.5694613445198
Assam,Udalguri,26.71033668600012,92.0354516141106
Bihar,Araria,26.26527137250008,87.3558099045051
Bihar,Arwal,25.186471940000104,84.66687533052439
Bihar,Aurangabad,24.807410241000014,84.4068228023863
Bihar,Banka,24.830801964500154,86.81193133996247
Bihar,Begusarai,25.51266479500015,86.08318260849589
Bihar,Bhagalpur,25.28542900050013,87.12744575784413
Bihar,Bhojpur,25.454040528000093,84.55646191787193
Bihar,Buxar,25.508681297000066,84.10035460645051
Bihar,Darbhanga,26.157121658500046,86.02572554103705
Bihar,Gaya,24.680480003000127,85.00366320279412
Bihar,Gopalganj,26.423450470000063,84.36565793033263
Bihar,Jamui,24.756945610000145,86.29717878332755
Bihar,Jehanabad,25.15310764350002,85.0220601313107
Bihar,Kaimur,24.97701931000003,83.57041930623002
Bihar,Katihar,25.542730331500053,87.63829351557385
Bihar,Khagaria,25.49160480600017,86.6952504823629
Bihar,Kishanganj,26.24430751,87.89940431439103
Bihar,Lakhisarai,25.161595344000148,86.18677184520593
Bihar,Madhepura,25.782938957500136,86.93032214160891
Bihar,Madhubani,26.357290267500105,86.21706971538305
Bihar,Munger,25.22240543400008,86.51932230957377
Bihar,Muzaffarpur,26.146969796000064,85.32698262393578
Bihar,Nalanda,25.215010643500136,85.44583540431495
Bihar,Nawada,24.81800270150012,85.51701354333319
Bihar,Pashchim Champaran,27.052584648000078,84.33096786238221
Bihar,Patna,25.467225075000016,85.18558973907824
Bihar,Purba Champaran,26.6383743290001,84.8922288849811
Bihar,Purnia,25.778595924000115,87.40714116943414
Bihar,Rohtas,24.940095902500104,84.01440753957398
Bihar,Saharsa,25.83835601850015,86.60568698900934
Bihar,Samastipur,25.779476166500075,86.00100278375697
Bihar,Saran,25.923024178000162,84.76682847505015
Bihar,Sheikhpura,25.12562084200016,85.80442167931378
Bihar,Sheohar,26.48793602050003,85.32055430579364
Bihar,Sitamarhi,26.573600961500148,85.5819698504761
Bihar,Siwan,26.132385255000116,84.38311788118521
Bihar,Supaul,26.27734088950004,86.77397484987804
Bihar,Vaishali,25.74736690550006,85.39117988005654
Chandigarh,Chandigarh,30.73388576500011,76.76733253808752
Chhattisgarh,Balod,20.691306114500094,81.15800274094
Chhattisgarh,Baloda Bazar,21.570369721000105,82.43351467613475
Chhattisgarh,Balrampur,23.62648487150014,83.47222324129605
Chhattisgarh,Bastar,19.073195457500077,81.84668663278507
Chhattisgarh,Bemetara,21.67732524900009,81.42693435026574
Chhattisgarh,Bijapur,18.766901970000106,80.73412865573542
Chhattisgarh,Bilaspur,22.412880897500173,82.05010382725771
Chhattisgarh,Dantewada,18.836734772000028,81.40135927199918
Chhattisgarh,Dhamtari,20.533934593000055,81.70945486545791
Chhattisgarh,Durg,21.157074928000043,81.40445914790844
Chhattisgarh,Gariaband,20.35936546250008,82.23724001903355
Chhattisgarh,Janjgir-Champa,21.96609497050008,82.65909353335309
Chhattisgarh,Jashpur,22.76824569650006,83.96749039699256
Chhattisgarh,Kabeerdham,22.11290931750011,81.2378010548373
Chhattisgarh,Kondagaon,19.70443534900008,81.7340416437606
Chhattisgarh,Korba,22.515335083500133,82.62870968091912
Chhattisgarh,Koriya,23.429061890500037,82.31126881547863
Chhattisgarh,Mahasamund,21.186055183500116,82.610545241339
Chhattisgarh,Mungeli,22.245666504500036,81.64857641232712
Chhattisgarh,Narayanpur,19.58375072550004,81.1079046316561
Chhattisgarh,Raigarh,22.064014435000075,83.30227699174168
Chhattisgarh,Raipur,21.200962067000063,81.80542966426009
Chhattisgarh,Rajnandgaon,20.97052955650011,80.69022009670448
Chhattisgarh,Sukma,18.267670631500067,81.30208995046004
Chhattisgarh,Surajpur,23.356885909500107,82.9667757137536
Chhattisgarh,Surguja,22.945745467500075,83.16243765839732
Chhattisgarh,Uttar Bastar Kanker,20.12226581600015,80.9779703910744
Dadra and Nagar Haveli,Dadra and Nagar Haveli,20.206290246000037,73.01858778227916
Daman and Diu,Daman,20.41872233900014,72.84543220703563
Daman and Diu,Diu,20.717639923500087,70.94340706533613
Goa,North Goa,15.532086373000055,74.02210666614664
Goa,South Goa,15.192361832000017,74.1264621732956
Gujarat,Ahmadabad,22.75794003300004,72.29946762308398
Gujarat,Amreli,21.429319381500164,71.28707034034615
Gujarat,Anand,22.4681549070001,72.743034188808
Gujarat,Aravalli,23.490056037500096,73.40412421719014
Gujarat,Banas Kantha,24.262717247500092,72.17697151932978
Gujarat,Bharuch,21.83361053450008,72.87198053338506
Gujarat,Bhavnagar,21.565278000000063,71.91575243896332
Gujarat,Botad,22.017161369500087,71.63200502739195
Gujarat,Chhota Udaipur,22.221559524000043,73.78446587715175
Gujarat,Dahod,22.823036193500172,74.15700852940755
Gujarat,Devbhumi Dwarka,22.13171200000008,69.44644814406792
Gujarat,Gandhinagar,23.210023881500064,72.71735422984435
Gujarat,Gir Somnath,20.936665536000078,70.6000715617207
Gujarat,Jamnagar,22.32828426350008,70.15422411962172
Gujarat,Junagadh,21.18930721200013,70.43132308169967
Gujarat,Kachchh,23.704030000000103,69.8105009818523
Gujarat,Kheda,22.894619942500015,73.0468286542155
Gujarat,Mahesana,23.56433963800012,72.39027187413313
Gujarat,Mahisagar,23.217414856500056,73.84418555842893
Gujarat,Morbi,22.790287018500123,70.90364965183576
Gujarat,Narmada,21.689889908500163,73.69805820893157
Gujarat,Navsari,20.82576656300003,73.04025592180209
Gujarat,Panch Mahals,22.696715354500157,73.54182844458377
Gujarat,Patan,23.768639565000143,71.75253475100831
Gujarat,Porbandar,21.587506459500077,69.88026976973802
Gujarat,Rajkot,22.085959434500126,71.04064434473273
Gujarat,Sabar Kantha,23.865741730500105,73.01851774343739
Gujarat,Surat,21.190278052500105,72.95560917220291
Gujarat,Surendranagar,22.823599815000136,71.63171812958302
Gujarat,Tapi,21.18919467900014,73.56347826222196
Gujarat,The Dangs,20.78613185950013,73.71721224202074
Gujarat,Vadodara,22.317820549500112,73.31090080563342
Gujarat,Valsad,20.433571495000052,73.15065870754384
Haryana,Ambala,30.381795883000137,77.09100462692031
Haryana,Bhiwani,28.735650063000122,75.95867290718556
Haryana,Faridabad,28.33597564750005,77.30289678455564
Haryana,Fatehabad,29.539295196000097,75.56517894462294
Haryana,Gurgaon,28.373007774000115,76.89841323816908
Haryana,Hisar,29.243180275500066,75.80878317288096
Haryana,Jhajjar,28.59633064350004,76.64087413760197
Haryana,Jind,29.453435898000066,76.36260662089543
Haryana,Kaithal,29.860766411000014,76.45577384905293
Haryana,Karnal,29.721020699000064,76.91025861128936
Haryana,Kurukshetra,30.05698490150013,76.80236369454879
Haryana,Mahendragarh,28.140460014500036,76.16258644921598
Haryana,Mewat,27.99629497600003,76.99368828084727
Haryana,Palwal,28.066870689500064,77.38348352060336
Haryana,Panchkula,30.72858524300011,76.964709431723
Haryana,Panipat,29.33358573950008,76.89111459350934
Haryana,Rewari,28.201615334000053,76.55242038875288
Haryana,Rohtak,28.901310920500094,76.55023008860738
Haryana,Sirsa,29.610480308500087,74.89499159378573
Haryana,Sonipat,29.05620670300013,76.89532741604904
Haryana,Yamunanagar,30.25618553200019,77.31951812278999
Himachal Pradesh,Bilaspur,31.407560349000164,76.62570198594733
Himachal Pradesh,Chamba,32.696285248000095,76.15561255097694
Himachal Pradesh,Hamirpur,31.65733051300012,76.52469382686849
Himachal Pradesh,Kangra,32.07942581250015,76.25414821414525
Himachal Pradesh,Kinnaur,31.585609436500107,78.31499732686493
Himachal Pradesh,Kinnaur,31.987363081000098,78.72132177729071
Himachal Pradesh,Kinnaur,31.366915704500087,78.79212491685249
Himachal Pradesh,Kullu,31.87858009350009,77.43511094528537
Himachal Pradesh,Lahul & Spiti,32.504276275500104,77.567106680523
Himachal Pradesh,Lahul & Spiti,32.16007995850006,78.5293149487692
Himachal Pradesh,Mandi,31.645195007000183,76.99531611282603
Himachal Pradesh,Shimla,31.243651389500116,77.69847451119767
Himachal Pradesh,Sirmaur,30.70605468750017,77.43279354086806
Himachal Pradesh,Solan,31.063334465500134,76.8380502324332
Himachal Pradesh,Una,31.58688068450013,76.22202803027184
Jammu and Kashmir,Anantnag,33.80340957700011,75.29026732941213
Jammu and Kashmir,Badgam,33.89562606900006,74.6120548648199
Jammu and Kashmir,Bandipore,34.53332710300009,74.94336163433226
Jammu and Kashmir,Baramulla,34.20508384700011,74.30198131219734
Jammu and Kashmir,Doda,33.15035438550012,75.53871498297698
Jammu and Kashmir,Ganderbal,34.31008148300012,75.07612221720893
Jammu and Kashmir,Jammu,32.770378113500044,74.81850210543229
Jammu and Kashmir,Kargil,33.78001594550008,76.50917528708288
Jammu and Kashmir,Kathua,32.58416175800008,75.60568789354815
Jammu and Kashmir,Kishtwar,33.6188983910001,75.82080899032258
Jammu and Kashmir,Kulgam,33.63828659100008,74.8216347379747
Jammu and Kashmir,Kupwara,34.52180671700009,74.20452785969468
Jammu and Kashmir,Leh (Ladakh),33.921018600500076,77.66038491556542
Jammu and Kashmir,Poonch,33.71538162200014,74.22451002815896
Jammu and Kashmir,Pulwama,33.97450447050019,75.0488738071295
Jammu and Kashmir,Rajouri,33.28253364550014,74.38181670906283
Jammu and Kashmir,Ramban,33.34688568100012,75.1824720120384
Jammu and Kashmir,Reasi,33.20017814600013,74.8354927287443
Jammu and Kashmir,Samba,32.615213395000154,75.12588044893448
Jammu and Kashmir,Shupiyan,33.766777039000004,74.82833351264773
Jammu and Kashmir,Srinagar,34.124994277500036,74.91243915224663
Jammu and Kashmir,Udhampur,32.93620300250015,75.2873277845262
Jharkhand,Bokaro,23.692986488500054,85.98847856579883
Jharkhand,Chatra,24.10335922350012,84.86515770629944
Jharkhand,Deoghar,24.331174851500123,86.70871245648648
Jharkhand,Dhanbad,23.84462547400011,86.46165638151756
Jharkhand,Dumka,24.310595512000162,87.30612016963839
Jharkhand,Garhwa,24.04859065950012,83.64840760461922
Jharkhand,Giridih,24.332695007500064,86.15869468382218
Jharkhand,Godda,24.865474701000124,87.30080235755017
Jharkhand,Gumla,23.157506943000044,84.45763740374636
Jharkhand,Hazaribagh,24.104230881500115,85.44152801341708
Jharkhand,Jamtara,23.980410576000082,86.92675810105331
Jharkhand,Khunti,22.927004815500112,85.30193741017317
Jharkhand,Kodarma,24.55412483250015,85.67124045050231
Jharkhand,Latehar,23.68465614350012,84.49074463938868
Jharkhand,Lohardaga,23.47539997150008,84.6937252163072
Jharkhand,Pakur,24.53193092400008,87.59186951324912
Jharkhand,Palamu,24.188455582500154,84.21070737581508
Jharkhand,Pashchimi Singhbhum,22.42469024600007,85.52626822715386
Jharkhand,Purbi Singhbhum,22.61246013650006,86.38100616353933
Jharkhand,Ramgarh,23.677482605500074,85.51378287250753
Jharkhand,Ranchi,23.29839038850011,85.38210631683094
Jharkhand,Sahibganj,25.033775329500145,87.68682981629757
Jharkhand,Saraikela-kharsawan,22.816430091500052,85.91314497088547
Jharkhand,Simdega,22.585011482500136,84.54317449110667
Karnataka,Bagalkot,16.287554741000122,75.58163712613927
Karnataka,Bangalore,12.935145855500053,77.54448326071044
Karnataka,Bangalore Rural,13.175076008500128,77.33150694145162
Karnataka,Belgaum,16.16118526500017,74.8934069943529
Karnataka,Bellary,15.192890644500125,76.70635833723185
Karnataka,Bidar,18.016875268000092,77.25323713070631
Karnataka,Bijapur,16.813144683000104,75.88289688433066
Karnataka,Chamrajnagar,11.939205646500085,77.09337973717811
Karnataka,Chikballapura,13.579800606000134,77.77475607571557
Karnataka,Chikmagalur,13.402699947500167,75.63938324770302
Karnataka,Chitradurga,14.298844814500058,76.52896451777589
Karnataka,Dakshina Kannada,12.817084312500072,75.22751371413918
Karnataka,Davanagere,14.31165456900004,75.87146807612343
Karnataka,Dharwad,15.366525173000042,75.13784472246795
Karnataka,Gadag,15.412634850000074,75.68236754239297
Karnataka,Gulbarga,17.235130311000063,76.76854097837918
Karnataka,Hassan,13.024296284000116,76.16897724619147
Karnataka,Haveri,14.712940216000135,75.39022655838096
Karnataka,Kodagu,12.375423796000064,75.66257616252012
Karnataka,Kolar,13.170775413500081,78.25803143635264
Karnataka,Koppal,15.571720600000106,76.31047227988259
Karnataka,Mandya,12.629110814000086,76.72280366196544
Karnataka,Mysore,12.19028616050008,76.60580727685095
Karnataka,Raichur,16.048745155000148,76.89977388602742
Karnataka,Ramanagara,12.710774898000096,77.31052533381276
Karnataka,Shimoga,14.052595139500113,75.13324889196369
Karnataka,Tumkur,13.411290170000058,76.87580044062553
Karnataka,Udupi,13.481601414500034,74.89706223330998
Karnataka,Uttara Kannada,14.722779000000116,74.64676457990532
Karnataka,Yadgir,16.57023620700008,76.92337310073688
Kerala,Alappuzha,9.494853925500081,76.40521094650013
Kerala,Ernakulam,10.043333000000104,76.51788168664092
Kerala,Idukki,9.804196357500103,76.98936912092691
Kerala,Kannur,11.981667000000016,75.55863335845521
Kerala,Kasaragod,12.443195343000099,75.1870931335389
Kerala,Kollam,8.95847177550013,76.85116171482363
Kerala,Kottayam,9.62208500000014,76.65453201291152
Kerala,Kozhikode,11.461390496500087,75.89122469457426
Kerala,Malappuram,11.099305153000103,76.11055971662901
Kerala,Palakkad,10.781720638000166,76.46447363079858
Kerala,Pathanamthitta,9.27154588700003,76.95646758815838
Kerala,Thiruvananthapuram,8.5752763750001,77.03999954771521
Kerala,Thrissur,10.472225000000066,76.26951214069932
Kerala,Wayanad,11.706560135000103,76.12077507636613
Lakshadweep,Lakshadweep,10.813057423500055,73.68055343600011
Madhya Pradesh,Agar Malwa,23.939899444000105,76.14315451293068
Madhya Pradesh,Alirajpur,22.2861499790001,74.35816025623905
Madhya Pradesh,Anuppur,23.150265693500018,81.85795677728635
Madhya Pradesh,Ashoknagar,24.6247854235001,77.8705667240595
Madhya Pradesh,Balaghat,21.860665321500022,80.31817282081704
Madhya Pradesh,Barwani,21.754765511500096,74.89656668194121
Madhya Pradesh,Betul,21.882546425500124,77.87142373812392
Madhya Pradesh,Bhind,26.355350495000067,78.67868326185041
Madhya Pradesh,Bhopal,23.497105599000065,77.39245915169465
Madhya Pradesh,Burhanpur,21.336939812500134,76.37139509739661
Madhya Pradesh,Chhatarpur,24.76841068250016,79.67433713486452
Madhya Pradesh,Chhindwara,22.140871048000122,78.80745295499199
Madhya Pradesh,Damoh,23.80108928700011,79.53664003639946
Madhya Pradesh,Datia,25.925775528000088,78.65659672757653
Madhya Pradesh,Dewas,22.81020927450004,76.28434839099597
Madhya Pradesh,Dhar,22.580335617000088,75.22600182291853
Madhya Pradesh,Dindori,22.80665562350009,81.1474907848819
Madhya Pradesh,East Nimar,21.980480194500075,76.65309005628825
Madhya Pradesh,Guna,24.503254891000097,77.25440021036314
Madhya Pradesh,Gwalior,26.02700042750007,78.1447329206874
Madhya Pradesh,Harda,22.247730255000135,77.09930986596126
Madhya Pradesh,Hoshangabad,22.604660034000176,77.92180085043782
Madhya Pradesh,Indore,22.714740754000104,75.80507400813975
Madhya Pradesh,Jabalpur,23.151040077500056,79.802905072295
Madhya Pradesh,Jhabua,22.886505127500072,74.72903865653055
Madhya Pradesh,Katni,23.720945358000165,80.25164701192566
Madhya Pradesh,Mandla,22.689345649000046,80.5758160341751
Madhya Pradesh,Mandsaur,24.262775421000043,75.36916718307994
Madhya Pradesh,Morena,26.391520500500093,77.8519203738172
Madhya Pradesh,Narsimhapur,22.93792533850015,79.07937949135012
Madhya Pradesh,Neemuch,24.650030136500135,75.18554943394713
Madhya Pradesh,Panna,24.451861383000107,80.1401345666452
Madhya Pradesh,Raisen,23.271421433000114,78.17194953704117
Madhya Pradesh,Rajgarh,23.872170449000123,76.77191817582673
Madhya Pradesh,Ratlam,23.50465583850007,74.95650344191324
Madhya Pradesh,Rewa,24.75983619700014,81.64704267687146
Madhya Pradesh,Sagar,23.812324523500166,78.75239331156274
Madhya Pradesh,Satna,24.582929611000168,80.80406144642104
Madhya Pradesh,Sehore,23.126550674500095,77.08307939456552
Madhya Pradesh,Seoni,22.273150444000123,79.71374133223017
Madhya Pradesh,Shahdol,23.465755462500113,81.5468814925797
Madhya Pradesh,Shajapur,23.415565491500075,76.61067225480382
Madhya Pradesh,Sheopur,25.751995086000136,76.92026774937014
Madhya Pradesh,Shivpuri,25.38157176950014,77.82170399242779
Madhya Pradesh,Sidhi,24.21435070050009,81.69251132221387
Madhya Pradesh,Singrauli,24.242840767000104,82.37269210589793
Madhya Pradesh,Tikamgarh,25.002849579000014,78.98155935531582
Madhya Pradesh,Ujjain,23.297255516000064,75.62865307895703
Madhya Pradesh,Umaria,23.64578533150012,80.93248808960158
Madhya Pradesh,Vidisha,23.85124015800011,77.83121299754671
Madhya Pradesh,West Nimar,21.962620735000087,75.75435545179627
Maharashtra,Ahmadnagar,19.157250405000156,74.85949481521558
Maharashtra,Akola,20.765630722500077,77.178286994371
Maharashtra,Amravati,21.1555709835001,77.63950717844881
Maharashtra,Aurangabad,20.02601623500007,75.15893181208304
Maharashtra,Bhandara,21.12106037150008,79.78794009906083
Maharashtra,Bid,18.97468185400004,75.71718972405658
Maharashtra,Buldana,20.563134193500048,76.399303147779
Maharashtra,Chandrapur,20.097075463000067,79.49916219018638
Maharashtra,Dhule,21.134884834500014,74.48514503496305
Maharashtra,Garhchiroli,19.750695228500064,80.1630115968527
Maharashtra,Gondiya,21.144905090000037,80.22940428648717
Maharashtra,Hingoli,19.540215492000073,77.21612463534211
Maharashtra,Jalgaon,20.843524933000054,75.52996623657273
Maharashtra,Jalna,19.96434497850001,75.82872333060314
Maharashtra,Kolhapur,16.459035874000136,74.09645788628255
Maharashtra,Latur,18.35117530800011,76.75497307191063
Maharashtra,Mumbai City,18.97277927450014,72.8283348085001
Maharashtra,Mumbai Suburban,19.129720687500168,72.88985368477731
Maharashtra,Nagpur,21.15002536850008,79.0129366798642
Maharashtra,Nanded,19.095574378500004,77.48115199970736
Maharashtra,Nandurbar,21.512055397000097,74.54688627184021
Maharashtra,Nashik,20.225079536500147,74.1144682319092
Maharashtra,Osmanabad,18.168915748500126,76.11932369827278
Maharashtra,Palghar,19.755281499500114,73.11482876477885
Maharashtra,Parbhani,19.307345391000098,76.55230163570198
Maharashtra,Pune,18.642179489000085,73.92967054461957
Maharashtra,Raigarh,18.491821288500148,73.14573420109406
Maharashtra,Ratnagiri,17.280425000000093,73.44901969868533
Maharashtra,Sangli,17.170569419500083,74.59786736495998
Maharashtra,Satara,17.637565614000096,74.3069104628014
Maharashtra,Sindhudurg,16.13236500000005,73.65834477846042
Maharashtra,Solapur,17.833375930500125,75.29914627865394
Maharashtra,Thane,19.359340668500096,73.37892666652374
Maharashtra,Wardha,20.82552528400015,78.61083317324162
Maharashtra,Washim,20.303734779500076,77.24099383054394
Maharashtra,Yavatmal,20.063755035500094,78.3505539319072
Manipur,Bishnupur,24.517385483000055,93.8065582170704
Manipur,Chandel,24.24168109900006,94.09357406119032
Manipur,Churachandpur,24.332385063000117,93.44439613650417
Manipur,Imphal East,24.862546921000103,94.00714577094601
Manipur,Imphal West,24.818275451500114,93.86671076690325
Manipur,Senapati,25.108200073500058,93.96608930021375
Manipur,Tamenglong,24.98189544650012,93.52753489160378
Manipur,Thoubal,24.48714447000009,93.92743690045998
Manipur,Ukhrul,25.093688965000098,94.43655513041577
Meghalaya,East Garo Hills,25.682080269500034,90.68487724918727
Meghalaya,East Khasi Hills,25.40552520700004,91.82793010516494
Meghalaya,Jaintia Hills,25.353674888500024,92.43043609789896
Meghalaya,North Garo Hills,25.895214081000063,90.58761986913842
Meghalaya,Ri Bhoi,25.879454612500098,91.86048474586778
Meghalaya,South Garo Hills,25.347862243500145,90.57095583329863
Meghalaya,South West Garo Hills,25.4382619860001,89.90381627857245
Meghalaya,South West Khasi Hills,25.327876092000054,91.27784737363675
Meghalaya,West Garo Hills,25.605291366500154,90.21322126623838
Meghalaya,West Khasi Hills,25.575129509500158,91.26384278704421
Mizoram,Aizawl,23.86321353950018,92.8982595596928
Mizoram,Champhai,23.547380448500064,93.23485812965032
Mizoram,Kolasib,24.23812961650006,92.71398713534667
Mizoram,Lawangtlai,22.370038032500048,92.7349590107788
Mizoram,Lunglei,22.952541352000082,92.76417311824395
Mizoram,Mamit,23.745072364500118,92.45330646839764
Mizoram,Saiha,22.379061698000044,93.08048194816104
Mizoram,Serchhip,23.312612533500015,92.86293394707528
Nagaland,Dimapur,25.804820061500124,93.81874465950006
Nagaland,Kiphire,25.815479278500135,94.85304567323932
Nagaland,Kohima,25.778177261500076,94.12832109213363
Nagaland,Longleng,26.583646775500114,94.80782698516032
Nagaland,Mokokchung,26.48252582550012,94.5105590244981
Nagaland,Mon,26.664440155000136,95.00328864619524
Nagaland,Peren,25.45722198450011,93.60384879128017
Nagaland,Phek,25.651955604500102,94.38045340640198
Nagaland,Tuensang,26.16597461750007,94.91090309227167
Nagaland,Wokha,26.245175362500163,94.19316147859537
Nagaland,Zunheboto,26.028330802500108,94.5191472319096
NCT of Delhi,West,28.645655632000057,77.11900427369872
Odisha,Anugul,21.09900474550011,84.95171494012055
Odisha,Balangir,20.603330612500116,83.16163371652627
Odisha,Baleshwar,21.51420300000015,86.86036398879278
Odisha,Bargarh,21.229560852000134,83.5619317558396
Odisha,Bauda,20.638219833500017,83.994823399728
Odisha,Bhadrak,20.97847350000012,86.59334353701847
Odisha,Cuttack,20.363525391500104,85.46087892107424
Odisha,Debagarh,21.432848930500086,84.73899447552783
Odisha,Dhenkanal,20.82872486150015,85.59802409334978
Odisha,Gajapati,19.185141615000106,84.17319507722164
Odisha,Ganjam,19.62469577800013,84.69948788760595
Odisha,Jagatsinghapur,20.185139500000076,86.31890511741764
Odisha,Jajapur,20.866445540500138,86.1158546487455
Odisha,Jharsuguda,21.79838085150007,84.01101042966992
Odisha,Kalahandi,19.81104087850011,83.03438023811226
Odisha,Kandhamal,20.125835419500135,84.07215072663863
Odisha,Kendrapara,20.542916000000105,86.5246992868114
Odisha,Kendujhar,21.58327388800012,85.6652673728388
Odisha,Khordha,20.046234844000082,85.49792052409822
Odisha,Koraput,18.730646133500045,82.59443906730158
Odisha,Malkangiri,18.268590927000048,81.94964412502124
Odisha,Mayurbhanj,21.90990543350003,86.39301011887599
Odisha,Nabarangapur,19.621716499500025,82.28514246661302
Odisha,Nayagarh,20.23209095000007,85.0460747132704
Odisha,Nuapada,20.533975601000037,82.52286899197034
Odisha,Puri,19.82527850000011,85.6268877025906
Odisha,Rayagada,19.434290886500037,83.58080555974762
Odisha,Sambalpur,21.551115036000084,84.15164247103553
Odisha,Subarnapur,20.84860038800008,83.84456746014074
Odisha,Sundargarh,22.05621528600011,83.92612822269555
Puducherry,Karaikal,10.900825365000031,79.79013947819386
Puducherry,Mahe,12.048611164500102,75.26685011458108
Puducherry,Puducherry,11.913751126500074,79.78605638847291
Puducherry,Yanam,16.7204895000001,82.19780165857225
Punjab,Amritsar,31.767519951500105,74.8200067736156
Punjab,Barnala,30.389705658500134,75.4768435827038
Punjab,Bathinda,30.180085182000084,75.03888328482951
Punjab,Faridkot,30.59888553650009,74.7854024979232
Punjab,Fatehgarh Sahib,30.665149689500083,76.34837676667794
Punjab,Fazilka,30.30338573500015,74.11412685116827
Punjab,Firozpur,30.848116874500136,74.65109074121929
Punjab,Gurdaspur,31.898389817000066,75.21580092321932
Punjab,Hoshiarpur,31.60883617400009,75.83398680802743
Punjab,Jalandhar,31.294600487500162,75.55548012025493
Punjab,Kapurthala,31.385035515000112,75.33047449300666
Punjab,Ludhiana,30.79228973450006,75.81469619449612
Punjab,Mansa,29.87851524450008,75.4782526742247
Punjab,Moga,30.79300975850012,75.14886643705162
Punjab,Muktsar,30.284021378500086,74.5156288814552
Punjab,Pathankot,32.3296852120001,75.65666116744046
Punjab,Patiala,30.23835468350009,76.32376398188177
Punjab,Rupnagar,31.09492492700008,76.51539290282727
Punjab,Sahibzada Ajit Singh Nagar,30.65031909950011,76.73815046452663
Punjab,Sangrur,30.212055206500082,75.8105785416615
Punjab,Shahid Bhagat Singh Nagar,31.12664604200006,76.14875576053419
Punjab,Tarn Taran,31.326790809500153,74.84815885674773
Rajasthan,Ajmer,26.33240032250015,74.71439162780393
Rajasthan,Alwar,27.643125534500058,76.60856867999637
Rajasthan,Banswara,23.494005203000057,74.35517375890151
Rajasthan,Baran,24.921979904500063,76.68846632797718
Rajasthan,Barmer,25.57833480850016,71.62423068553323
Rajasthan,Bharatpur,27.268895149500025,77.36326743467251
Rajasthan,Bhilwara,25.491304398000096,74.71441703968542
Rajasthan,Bikaner,28.1186943055001,72.78313247315235
Rajasthan,Bundi,25.44467544550011,75.74655096612281
Rajasthan,Chittaurgarh,24.736560822000058,74.4575788710531
Rajasthan,Churu,28.205430985000106,74.36984415932463
Rajasthan,Dausa,26.810595512500043,76.45205265777165
Rajasthan,Dhaulpur,26.65974044750007,77.6281305254938
Rajasthan,Dungarpur,23.679215431000046,73.82156377619444
Rajasthan,Ganganagar,29.462874412500184,73.6164738911481
Rajasthan,Hanumangarh,29.367265701000065,74.33584251488472
Rajasthan,Jaipur,27.156176567500154,75.74774397705043
Rajasthan,Jaisalmer,26.953891755000086,70.77627856462006
Rajasthan,Jalor,25.206170081500147,72.31941378720724
Rajasthan,Jhalawar,24.318224907000086,76.52524446739368
Rajasthan,Jhunjhunun,28.0835514070001,75.53935121960635
Rajasthan,Jodhpur,26.73754978250011,72.87036323323511
Rajasthan,Karauli,26.50205516800017,77.03582194647632
Rajasthan,Kota,25.197159767000045,76.01064095740213
Rajasthan,Nagaur,27.061145783000086,74.20165991586849
Rajasthan,Pali,25.609511376000057,73.41448757475489
Rajasthan,Pratapgarh,24.01878166150007,74.65577150485672
Rajasthan,Rajsamand,25.268764496000074,73.82491860505047
Rajasthan,Sawai Madhopur,26.20599555950011,76.28324510663307
Rajasthan,Sikar,27.665598870000053,75.02367992112266
Rajasthan,Sirohi,24.807275772500134,72.83180482827247
Rajasthan,Tonk,26.124860764500085,75.66088724963333
Rajasthan,Udaipur,24.458335876500087,73.67189643715872
Sikkim,East Sikkim,27.280174255500157,88.67281442499686
Sikkim,North Sikkim,27.75530529000008,88.51851243718876
Sikkim,South Sikkim,27.304270744500116,88.37524098103918
Sikkim,West Sikkim,27.36165714300006,88.18615432245639
Tamil Nadu,Ariyalur,11.136515617000128,79.2455256586658
Tamil Nadu,Chennai,13.04264688500001,80.22603056913083
Tamil Nadu,Coimbatore,10.804365635000096,77.00660329618881
Tamil Nadu,Cuddalore,11.504445553000124,79.33580422752891
Tamil Nadu,Dharmapuri,12.134191512500166,78.1028554959
Tamil Nadu,Dindigul,10.415321827500065,77.80175280652097
Tamil Nadu,Erode,11.473825454500087,77.33905196691808
Tamil Nadu,Kancheepuram,12.672084332500049,79.96605902044288
Tamil Nadu,Kanniyakumari,8.323585987500024,77.33439190326256
Tamil Nadu,Karur,10.808451175500153,78.36890932391313
Tamil Nadu,Krishnagiri,12.503499984000086,78.16849040896064
Tamil Nadu,Madurai,9.925115585000071,77.9963301968065
Tamil Nadu,Nagappattinam,11.179861500000015,79.6918797500137
Tamil Nadu,Namakkal,11.289821148500124,78.10653877357247
Tamil Nadu,Perambalur,11.273871422000127,78.91601444127319
Tamil Nadu,Pudukkottai,10.276530742500029,78.8016903757406
Tamil Nadu,Ramanathapuram,9.507505459500152,78.77842930198364
Tamil Nadu,Salem,11.634060383000104,78.19752846688039
Tamil Nadu,Sivaganga,9.950256347000135,78.70209625029287
Tamil Nadu,Thanjavur,10.645430555500099,79.17557902674716
Tamil Nadu,The Nilgiris,11.43912553800007,76.68896479384085
Tamil Nadu,Theni,9.858150006000074,77.40977085375692
Tamil Nadu,Thiruvallur,13.235278000000136,80.04349050646596
Tamil Nadu,Thiruvarur,10.638079810000136,79.53645307863876
Tamil Nadu,Thoothukkudi,8.835067000000038,77.98298324856735
Tamil Nadu,Tiruchirappalli,10.836579799500157,78.70943226693274
Tamil Nadu,Tirunelveli,8.771656232500106,77.51371190870401
Tamil Nadu,Tiruppur,10.78122568200007,77.46299604065464
Tamil Nadu,Tiruvannamalai,12.413205624000028,78.98850005322913
Tamil Nadu,Vellore,12.721095085500139,78.80080114097181
Tamil Nadu,Viluppuram,11.963056000000051,79.19934031684508
Tamil Nadu,Virudunagar,9.481245518000122,77.84806811117748
Telangana,Adilabad,19.299301147500074,79.07690273289197
Telangana,Hyderabad,17.375450135000108,78.45411776815232
Telangana,Karimnagar,18.526885033000156,79.38585754353936
Telangana,Khammam,17.69603157100005,80.80442438534722
Telangana,Mahbubnagar,16.530925751000126,78.02252819428847
Telangana,Medak,17.84934520750008,78.21532859933166
Telangana,Nalgonda,17.08556938200016,79.4081146783258
Telangana,Nizamabad,18.53812503850017,78.11371675292418
Telangana,Ranga Reddy,17.279048920000122,78.1031610358526
Telangana,Warangal,17.95879936250006,79.58686658119493
Tripura,Dhalai,23.832518499500082,91.97005872891188
Tripura,Gomati,23.426506221500148,91.68482052017575
Tripura,Khowai,23.9508018490001,91.63941749438919
Tripura,North Tripura,24.09141159000015,92.25296345499461
Tripura,Sipahijala,23.525850296000073,91.316260578919
Tripura,South Tripura,23.184062206000135,91.64297630230638
Tripura,Unokoti,24.189061609000078,92.0631298747935
Tripura,West Tripura,23.903614997500142,91.38998220098648
Uttar Pradesh,Agra,27.024324416500065,78.08692683357033
Uttar Pradesh,Aligarh,27.878839493500067,78.129544904179
Uttar Pradesh,Allahabad,25.28460979500008,81.8954843089659
Uttar Pradesh,Ambedkar Nagar,26.409831047000125,82.55941815159792
Uttar Pradesh,Amethi,26.297355651500055,81.61329198073133
Uttar Pradesh,Amroha,28.794671059000052,78.31650857356952
Uttar Pradesh,Auraiya,26.661685943500117,79.509353274977
Uttar Pradesh,Azamgarh,26.0467252735001,82.94733788510433
Uttar Pradesh,Baghpat,29.03918075600012,77.30853199074994
Uttar Pradesh,Bahraich,27.735615817500104,81.42211316083304
Uttar Pradesh,Ballia,25.878780365000125,84.1182535433999
Uttar Pradesh,Balrampur,27.448530196999997,82.39621931461642
Uttar Pradesh,Banda,25.458609582000122,80.55751408983568
Uttar Pradesh,Barabanki,26.94643878950012,81.37483235118634
Uttar Pradesh,Bareilly,28.45984077400007,79.37870408369828
Uttar Pradesh,Basti,26.78393554750008,82.56511298542242
Uttar Pradesh,Bijnor,29.415249825000075,78.47088252660147
Uttar Pradesh,Budaun,28.073129654000155,79.03594303583205
Uttar Pradesh,Bulandshahr,28.398124695500087,77.95601742027765
Uttar Pradesh,Chandauli,25.12531566650017,83.23961740259719
Uttar Pradesh,Chitrakoot,25.217658997500052,81.14975036577329
Uttar Pradesh,Deoria,26.427095413500155,83.7553054189761
Uttar Pradesh,Etah,27.552405357000055,78.76274910099947
Uttar Pradesh,Etawah,26.747470856000092,79.07793150341651
Uttar Pradesh,Faizabad,26.625070572500135,82.10325654762143
Uttar Pradesh,Farrukhabad,27.44285583450005,79.48790811245783
Uttar Pradesh,Fatehpur,25.83659553550015,80.88549107002623
Uttar Pradesh,Firozabad,27.200789452000123,78.40879499415959
Uttar Pradesh,Gautam Buddha Nagar,28.388523102000107,77.55643115005965
Uttar Pradesh,Ghaziabad,28.77941513100015,77.4517674526449
Uttar Pradesh,Ghazipur,25.603525162500034,83.50144024852935
Uttar Pradesh,Gonda,27.115056038000063,81.9331422378886
Uttar Pradesh,Gorakhpur,26.610494613500066,83.35660306410747
Uttar Pradesh,Hamirpur,25.786621094000026,79.82490003703039
Uttar Pradesh,Hapur,28.711771011500048,77.77085844782846
Uttar Pradesh,Hardoi,27.34332466100014,80.09009746661476
Uttar Pradesh,Hathras,27.558300972000154,78.0814788184613
Uttar Pradesh,Jalaun,26.111549377000074,79.37784708161139
Uttar Pradesh,Jaunpur,25.79746055650014,82.47972392830388
Uttar Pradesh,Jhansi,25.53304576900004,78.6431483421812
Uttar Pradesh,Kannauj,26.999480247500145,79.68424764595817
Uttar Pradesh,Kanpur Dehat,26.46121025200017,79.84808028920534
Uttar Pradesh,Kanpur Nagar,26.44492530850016,80.26102012084715
Uttar Pradesh,Kasganj,27.802445412500077,78.8113040842206
Uttar Pradesh,Kaushambi,25.543004989500133,81.44892487424812
Uttar Pradesh,Kushinagar,26.92162990550011,83.82398090941658
Uttar Pradesh,Lakhimpur Kheri,28.183361255500074,80.70660768458475
Uttar Pradesh,Lalitpur,24.702541352000082,78.51171889631934
Uttar Pradesh,Lucknow,26.83645534550007,80.90766286786734
Uttar Pradesh,Maharajganj,27.185709953500123,83.48127529999238
Uttar Pradesh,Mahoba,25.36464500400004,79.69751279317893
Uttar Pradesh,Mainpuri,27.206544876500118,79.04898865228267
Uttar Pradesh,Mathura,27.60564422650009,77.58213097397376
Uttar Pradesh,Mau,26.043876648500145,83.43666015955138
Uttar Pradesh,Meerut,29.001201629999997,77.77536476360262
Uttar Pradesh,Mirzapur,24.937109947500147,82.63872335657798
Uttar Pradesh,Moradabad,28.87722492300017,78.77557021249623
Uttar Pradesh,Muzaffarnagar,29.447215081500104,77.73730910635757
Uttar Pradesh,Pilibhit,28.50689506550006,80.07892277681512
Uttar Pradesh,Pratapgarh,25.877274513000145,81.82455715369484
Uttar Pradesh,Rae Bareli,26.21217537000004,81.08581694081312
Uttar Pradesh,Rampur,28.782490730500143,79.16248860147418
Uttar Pradesh,Saharanpur,29.98958587700011,77.49297462382614
Uttar Pradesh,Sambhal,28.438028335500093,78.55479753040294
Uttar Pradesh,Sant Kabir Nagar,26.730130196000147,83.03586223385625
Uttar Pradesh,Sant Ravi Das Nagar,25.36161613450011,82.49444703130557
Uttar Pradesh,Shahjahanpur,27.9708156585001,79.77647911145533
Uttar Pradesh,Shamli,29.488950730000113,77.28270890090448
Uttar Pradesh,Shravasti,27.63255691550009,81.8075436219286
Uttar Pradesh,Siddharth Nagar,27.209674835500124,82.84685973036791
Uttar Pradesh,Sitapur,27.50809478800008,80.82449219086871
Uttar Pradesh,Sonbhadra,24.390004158000067,83.07202483907076
Uttar Pradesh,Sultanpur,26.248385430000155,82.28531452744332
Uttar Pradesh,Unnao,26.578101158000038,80.6063163599677
Uttar Pradesh,Varanasi,25.3755950930001,82.9364408206361
Uttarakhand,Almora,29.70970058500012,79.41398269673836
Uttarakhand,Bageshwar,30.005355834500023,79.80318633293462
Uttarakhand,Chamoli,30.50609016450005,79.60483162389245
Uttarakhand,Chamoli,30.807672544500065,80.0475938353822
Uttarakhand,Champawat,29.293685913000076,80.05880277241081
Uttarakhand,Dehradun,30.464535713500112,77.91659845048301
Uttarakhand,Garhwal,29.88811588300001,78.66995955361372
Uttarakhand,Hardwar,29.897785187000096,77.9887267838964
Uttarakhand,Nainital,29.300050736500054,79.45942010932572
Uttarakhand,Pithoragarh,30.08902168350002,80.43841650994085
Uttarakhand,Pithoragarh,30.69903669350012,80.14063474928028
Uttarakhand,Rudraprayag,30.554200172500117,79.10560424944738
Uttarakhand,Tehri Garhwal,30.471671105500036,78.56187283410128
Uttarakhand,Udham Singh Nagar,29.049994468000108,79.42239015972183
Uttarakhand,Uttarkashi,30.88170528450013,78.41663231311975
Uttarakhand,Uttarkashi,31.282753039000056,79.08066365608184
West Bengal,Alipurduar,26.630459785000113,89.45124945366348
West Bengal,Bankura,23.13074493350001,87.20157038272308
West Bengal,Barddhaman,23.40563011200007,87.89552792766924
West Bengal,Birbhum,24.060765267500074,87.69302689066888
West Bengal,Dakshin Dinajpur,25.38285446250012,88.5503132947367
West Bengal,Darjiling,26.83416652700012,88.30796381859923
West Bengal,Haora,22.498940500000117,88.0339437516736
West Bengal,Hugli,22.91008091000009,88.01259577290512
West Bengal,Jalpaiguri,26.660454749500047,88.72751290909171
West Bengal,Koch Bihar,26.255209216000168,89.44342869537383
West Bengal,Kolkata,22.56601047550012,88.37065088690727
West Bengal,Maldah,25.096627236000103,88.10962000982109
West Bengal,Murshidabad,24.287481308000082,88.37230787342125
West Bengal,Nadia,23.487435341500145,88.56115874835659
West Bengal,North 24 Parganas,22.80517293200012,88.65738068153522
West Bengal,Pashchim Medinipur,22.35391490800012,87.23900931147978
West Bengal,Purba Medinipur,22.05958250000009,87.74938227088728
West Bengal,Puruliya,23.199501038500074,86.29511612392601
West Bengal,South 24 Parganas,22.176025500000094,88.38875374506915
West Bengal,Uttar Dinajpur,25.87019539000019,87.96499110060394
